TAZ,Poly,Area,Weight,GenEdge,PedEdge
-1903,-168169,1526,0.007753907440905673,-169197#1,-166429
-1903,-166806,305,0.0015497652486738075,-166122#5,-167493#4
-1903,-165889,1451,0.007372817625658015,-166122#4,-167493#3
-1903,-167233,1247,0.006336253328184387,-167036#2,-167036#2
-1903,-168976,126,0.0006402308896160647,-166740,-168874
-1903,-166304,214,0.001087376272839983,-169459#0,-169459#0
-1903,-166976,2084,0.010589215666348245,-168883#10,-166234#1
-1903,-168718,206,0.0010467266925468994,-165557#4,--166190
-1903,-167682,998,0.005071035141562164,-168980#1,-168519
-1903,-168941,604,0.0030690433121278024,-166782#0,-166782#0
-1903,-167158,414,0.00210361578016707,-169371#0,-166072#1
-1903,-167278,110,0.0005589317290298978,-166740,-168874
-1903,-166549,344,0.0017479319526025894,-169459#0,-169459#0
-1903,-165705,1400,0.007113676551289608,-167036#5,-167036#5
-1903,-168057,7153,0.03634580597955326,-168951#13,-165918#0
-1903,-167945,5403,0.02745371029044125,--165866#2,--169118
-1903,-168820,1352,0.006869779069531107,-168165#2,-168319#4
-1903,-168404,936,0.004756000894290766,-166122#4,-169222#1
-1903,-165940,217,0.0011026198654498893,-168741#0,-169478
-1903,-166946,513,0.002606654336293978,-165557#4,--166190
-1903,-166158,30,0.00015243592609906302,--169459#0,--169459#0
-1903,-167561,1193,0.006061868661206073,-168980#4,--168450#1
-1903,-165923,1371,0.00696632182272718,--166945#2,--166945#2
-1903,-168604,599,0.0030436373244446253,-166122#5,-167493#4
-1903,-168289,892,0.004532428202678808,-166782#3,-166782#3
-1903,-165827,215,0.0010924574703766183,-166725#0,-165855
-1903,-168276,229,0.0011635942358895145,--169371#0,--169371#0
-1903,-166096,669,0.0033993211520091057,--167570#1,-168355
-1903,-167173,1393,0.00707810816853316,-167036#5,-167036#5
-1903,-167858,457,0.0023221072742423935,-169404#5,-169478
-1903,-169563,1959,0.009954065974268816,-169404#6,-167159#1
-1903,-167142,726,0.003688949411597325,-165866#6,-169555#1
-1903,-165756,721,0.003663543423914148,-166122#4,-166700#0
-1903,-167029,203,0.001031483099936993,-166122#5,-167493#4
-1903,-168139,45,0.00022865388914859454,--169459#0,--169459#0
-1903,-167342,344,0.0017479319526025894,-165412#1,-165412#1
-1903,-166458,758,0.003851547732769659,-169041#3,-169041#3
-1903,-167744,5769,0.02931342858884982,-169041#5,-169090
-1903,-166320,207,0.001051807890083535,-169404#5,--166514
-1903,-167581,336,0.001707282372309506,--169459#0,--169459#0
-1903,-167302,359,0.001824149915652121,-167036#2,-167036#2
-1903,-168894,111,0.0005640129265665332,-166470#1,-168724
-1903,-168327,925,0.004700107721387777,--169041#5,-169123#2
-1903,-168572,38,0.0001930855063921465,-166220#12,-168627#0
-1903,-165200,289,0.0014684660880876406,-166725#1,-168874
-1903,-166287,581,0.0029521757687851874,-167036#2,-167036#2
-1903,-168055,344,0.0017479319526025894,-165412#1,-165412#1
-1903,-168699,344,0.0017479319526025894,-169459#0,-169459#0
-1903,-165214,2022,0.010274181419076848,--168924#5,--168924#5
-1903,-166269,1084,0.005508018129712811,-166220#6,-166357
-1903,-168389,344,0.0017479319526025894,-169459#0,-169459#0
-1903,-168096,288,0.001463384890551005,-169371#1,-169371#1
-1903,-166097,344,0.0017479319526025894,-168628#1,-168628#1
-1903,-168792,1317,0.006691937155748867,-166122#0,-167493#0
-1903,-168580,542,0.0027540090648564054,-165758#5,-168450#1
-1903,-168261,724,0.0036787870165240545,-169089,-169089
-1903,-165358,176,0.0008942907664478365,-166725#1,-168874
-1903,-166162,248,0.0012601369890855878,-166335#0,-166335#0
-1903,-165421,310,0.0015751712363569845,-169371#1,-169371#1
-1903,-168383,170,0.0008638035812280238,-166725#1,-168874
-1903,-169534,83,0.000421739395540741,-169110#6,-169109#1
-1903,-168693,1057,0.005370825796223654,-168316#0,-165612#2
-1903,-167573,770,0.003912522103209285,-169404#6,--166190
-1903,-168614,391,0.001986748236824455,--169371#1,--169371#1
-1903,-168772,755,0.0038363041401597527,-166782#0,-166782#0
-1903,-167119,182,0.000924777951667649,-166725#1,-168874
-1903,-168204,344,0.0017479319526025894,-165412#1,-165412#1
-1903,-166401,316,0.0016056584215767972,-165758#6,-166591
-1903,-166342,344,0.0017479319526025894,-165412#1,-165412#1
-1903,-166884,19,9.654275319607324e-05,-169443#8,-166408
-1903,-168521,1641,0.008338245157618747,-167036#5,-167036#5
-1903,-169283,344,0.0017479319526025894,-169459#0,-169459#0
-1903,-167700,6700,0.03404402349545741,-169404#12,-167927#0
-1903,-167804,344,0.0017479319526025894,-165412#1,-165412#1
-1903,-167055,344,0.0017479319526025894,-165412#1,-165412#1
-1903,-167984,201,0.0010213207048637223,-166725#1,-168874
-1903,-169126,1538,0.007814881811345297,-166122#4,-168054
-1903,-165624,294,0.0014938720757708176,-168889#10,-168889#10
-1903,-168839,13251,0.06733094855795614,-168741#5,-165341#4
-1903,-165570,152,0.000772342025568586,-167601#2,-167601#2
-1903,-166044,894,0.004542590597752078,-165866#3,-165866#3
-1903,-166894,160,0.0008129916058616695,-168889#8,-168889#8
-1903,-169481,339,0.0017225259649194123,-165758#6,-167928#1
-1903,-167756,3299,0.016762870673360297,-168228,-168866
-1903,-165550,358,0.0018190687181154856,-165412#1,-165412#1
-1903,-166485,4336,0.022032072518851243,--168419#1,--168419#1
-1903,-167385,21,0.00010670514826934412,-169443#3,-165970#1
-1903,-166434,344,0.0017479319526025894,-165412#1,-165412#1
-1903,-168590,1031,0.005238714660271133,-168316#6,-166059#1
-1903,-169411,329,0.0016717139895530578,-167570#1,-166270#0
-1903,-166788,154,0.0007825044206418569,-166725#1,-168874
-1903,-165662,119,0.0006046625068596166,--169459#0,--169459#0
-1903,-166902,411,0.0020883721875571636,--169371#1,--169371#1
-1903,-167344,303,0.0015396028536005365,-168889#9,-168889#9
-1903,-167426,6573,0.03339871140830471,-169404#6,-169229#3
-1903,-166664,318,0.0016158208166500681,-169443#8,-167153
-1903,-168790,352,0.001788581532895673,-165412#1,-165412#1
-1903,-165401,3259,0.01655962277189488,--166335#0,--166335#0
-1903,-167747,344,0.0017479319526025894,-165412#1,-165412#1
-1903,-168727,21,0.00010670514826934412,-169443#3,-165970#2
-1903,-167681,263,0.0013363549521351191,-166220#4,-168341#0
-1903,-167061,241,0.0012245686063291396,-166637#1,-166637#1
-1903,-168713,832,0.004227556350480681,-168934,-168934
-1903,-166970,700,0.003556838275644804,-168407#2,-168407#2
-1903,-167034,1830,0.009298591492042844,--167476#0,--166801#1
-1903,-167051,503,0.0025558423609276233,-166861,-166861
-1903,-166333,211,0.0010721326802300766,-168889#7,-168889#7
-1903,-167032,1376,0.006991727810410357,-168980#7,-168980#7
-1903,-167423,184,0.0009349403467409199,-166725#0,-166725#0
-1903,-167110,250,0.0012702993841588585,-165412#1,-165412#1
-1903,-166621,1649,0.008378894737911832,-167036#5,-167036#5
-1903,-167975,3879,0.01970996524460885,-166122#2,-168205#2
-1903,-165782,344,0.0017479319526025894,-169459#0,-169459#0
-1903,-169209,426,0.002164590150606695,-169404#5,--166514
-1903,-168644,1153,0.005858620759740656,-168165#2,-168319#4
-1903,-166191,4433,0.02252494867990488,--165866#3,--165866#3
-1903,-166588,358,0.0018190687181154856,-168889#10,-168889#10
-1903,-165274,701,0.0035619194731814395,-165758#5,--168450#1
-1903,-165991,487,0.0024745432003414566,-169404#6,--166514
-1903,-166003,927,0.004710270116461047,--169041#8,--169041#8
-1903,-166816,344,0.0017479319526025894,-165412#1,-165412#1
-1903,-165434,2179,0.011071929432328612,-169404#6,--165918#0
-1903,-167736,296,0.0015040344708440886,-166220#6,-166983#0
-1903,-169273,448,0.0022763764964126745,-169110#10,-169110#10
-1903,-168554,320,0.001625983211723339,-165490,-165490
-1903,-169051,775,0.003937928090892461,--166945#0,--166215
-1903,-168068,328,0.0016666327920164224,--169371#0,--169371#0
-1903,-167105,434,0.0022052397308997785,-167036#2,-167036#2
-1903,-165292,3717,0.01888681124367391,-168951#14,--165918#0
-1903,-166466,233,0.0011839190260360562,-168741#0,-169478
-1903,-169136,7605,0.03864250726611248,--165866#0,--165866#0
-1903,-165226,1063,0.0054013129814434666,-166122#2,-165302#6
-1903,-168636,223,0.001133107050669702,-165557#4,--168929#0
-1903,-165887,189,0.0009603463344240971,-166725#1,-168874
-1903,-166292,1075,0.005462287351883092,-168165#8,-168165#8
-1903,-166428,242,0.0012296498038657751,-169371#1,-169371#1
-1903,-167099,2813,0.014293408670555476,-167528#14,-165392#14
-1903,-169344,205,0.001041645495010264,-169371#1,-169371#1
-1903,-165580,729,0.0037041930042072315,--168967#0,-167498#0
-1903,-169120,1420,0.007215300502022317,--168967#0,-167498#0
-1903,-168143,344,0.0017479319526025894,-169459#0,-169459#0
-1903,-166481,288,0.001463384890551005,-166725#1,-168874
-1903,-167236,1128,0.005731590821324769,--168044#7,--168044#7
-1903,-165223,2567,0.01304343407654316,--168967#0,-165363#0
-1903,-167478,2601,0.013216194792788764,--167476#0,-168196
-1903,-168180,726,0.003688949411597325,-169197#1,-168912
-1903,-167208,663,0.003368833966789293,-167476#0,-168355
-1903,-166431,221,0.001122944655596431,--169371#0,--169371#0
-1903,-169085,260,0.0013211113595252128,-165557#4,--168929#0
-1903,-167535,3209,0.01630556289506311,--166945#2,--166945#2
-1903,-166598,1059,0.005380988191296925,-166122#0,-168205#0
-1903,-167857,4242,0.02155443995040751,--167570#1,-169492#0
-1903,-167263,5065,0.025736265523058473,--168934,--168934
-1903,-168947,1439,0.00731184325521839,-168741#8,-168236#2
-1903,-165797,358,0.0018190687181154856,-166725#1,-168874
-1903,-165957,3329,0.016915306599459362,-168924#4,-168924#4
-1903,-166904,36,0.00018292311131887562,-166220#4,-168341#0
-1903,-168660,309,0.0015700900388203492,-165412#1,-165412#1
-1903,-169418,863,0.00438507347411638,-168741#8,-168205#0
-1903,-168892,628,0.003190992053007053,--165412#1,--165412#1
-1903,-168427,871,0.004425723054409463,-168934,-168934
-1903,-166136,473,0.0024034064348285606,-169404#5,--166514
-1903,-166609,320,0.001625983211723339,-166725#1,-168874
-1903,-167013,288,0.001463384890551005,-169459#0,-169459#0
-1903,-166903,10,5.0811975366354346e-05,-165758#0,-165970#4
-1903,-165812,663,0.003368833966789293,--166945#2,--166945#2
-1903,-166587,198,0.001006077112253816,-165557#4,--166190
-1903,-168988,1221,0.006204142192231865,-168316#2,-165612#1
-1903,-169112,555,0.002820064632832666,--169459#0,--169459#0
-1903,-167323,344,0.0017479319526025894,-169459#0,-169459#0
-1903,-166446,135,0.0006859616674457837,-168741#16,-165263#2
-1903,-166924,726,0.003688949411597325,-165866#6,-168912
-1903,-169211,4922,0.025009654275319607,-169404#6,-169229#3
-1903,-165309,949,0.0048220564622670275,-166335#0,-166335#0
-1903,-165790,312,0.0015853336314302555,-165490,-165490
-1903,-166966,490,0.002489786792951363,-168044#5,-168203#2
-1903,-169289,851,0.004324099103676754,--166782#6,--166782#6
-1903,-168869,344,0.0017479319526025894,-169459#0,-169459#0
-1903,-166452,208,0.0010568890876201703,-165557#4,-169478
-1903,-165980,890,0.004522265807605536,-167570#1,-165405
